part2,part3
s1_9_1,s1_9_1
s1_9_2,s1_9_2
s1_9_3,s1_9_3
s1_9_4,s1_9_4
s2_9_1,s2_9_1
s2_9_2,s2_9_2
s2_9_3,
s2_9_4,s2_9_3
s2_9_5,s2_9_4
s3_9_1,s3_9_1
s3_9_2,s3_9_2
s3_9_3,s3_9_3
s3_9_4,s3_9_4
s3_9_5,
s4_9_1,s4_9_1
s4_9_2,s4_9_2
s4_9_3,s4_9_3
s4_9_4,s4_9_4
s4_9_5,
s1_10_1,s1_10_1
s1_10_2,s1_10_2
s1_10_3,s1_10_3
s1_10_4,s1_10_4
s2_10_1,s2_10_1
s2_10_2,s2_10_2
s2_10_3,
s2_10_4,s2_10_4
s2_10_5,s2_10_3
s3_10_1,s3_10_1
s3_10_2,s3_10_2
s3_10_3,
s3_10_4,s3_10_3
s3_10_5,s3_10_4
s4_10_1,s4_10_1
s4_10_2,s4_10_2
s4_10_3,
s4_10_4,s4_10_3
s4_10_5,s4_10_4
s1_11_1,s1_11_2
s1_11_2,s1_11_1
s1_11_3,s1_11_3
s1_11_4,s1_11_4
s2_11_1,s2_11_1
s2_11_2,s2_11_3
s2_11_3,s2_11_2
s2_11_4,
s2_11_5,s2_11_4
s3_11_1,s3_11_1
s3_11_2,s3_11_2
s3_11_3,s3_11_3
s3_11_4,
s3_11_5,s3_11_4
s4_11_1,s4_11_1
s4_11_2,s4_11_2
s4_11_3,
s4_11_4,s4_11_3
s4_11_5,s4_11_4